distance,nmer_name,Uind_md,Uind_sapt
1.651,2mer-0+5,-48525811565.48545,-35.67000768
