distance,nmer_name,Uind_md,Udf,Unb,Ues,Uind_sapt,Ues_sapt,Uind_omm,Udf_omm,Unb_omm,time_per_system
1.651,2mer-0+5,-10.958160458508747,15.797073079731415,-56.94598809469799,-56.94598809469799,-35.67000768,-78.70892618,,,,13.768970251083374
