distance,nmer_name,Uind_md,Udf,Unb,Ues,Uind_sapt,Ues_sapt,Uind_omm,Udf_omm,Unb_omm,time_per_system
1.651,2mer-0+5,-17.80453826589558,29.182500932567677,-81.66987836625542,-81.66987836625542,-35.67000768,-78.70892618,-17.775731933338704,29.1161639450076,-81.54081980714949,49.3052453994751
