distance,nmer_name,Uind_md,Uind_sapt
2.626,2mer-0+1,-0.41756781813192856,-1.65701849
