distance,nmer_name,Uind_md,Udf,Unb,Ues,Uind_sapt,Ues_sapt,Uind_omm,Udf_omm,Unb_omm,time_per_system
1.982,2mer-0+19,-3.137035442538845,3.7571594867722355,-22.467277806492756,-22.467277806492756,-13.13505946,-44.18091534,,,,0.16258835792541504
