{
  "constants": {
    "k_drude": 0.1,
    "au_to_nm3": 0.00014818471
  },
  "molecules": {
    "imidazole": {
      "static_charges": {
        "MPFIT": {
          "N0": -0.3465,
          "N00": -0.5521,
          "C1": 0.3691,
          "C2": -0.1128,
          "C21": 0.0554,
          "H0": 0.3178,
          "H1": 0.0374,
          "H2": 0.1294,
          "H21": 0.1021
        },
        "RESP": {
          "N0": -0.3465,
          "N00": -0.5521,
          "C1": 0.3691,
          "C2": -0.1128,
          "C21": 0.0554,
          "H0": 0.3178,
          "H1": 0.0374,
          "H2": 0.1294,
          "H21": 0.1021
        },
        "ESP": {
          "N0": -0.3465,
          "N00": -0.5521,
          "C1": 0.3691,
          "C2": -0.1128,
          "C21": 0.0554,
          "H0": 0.3178,
          "H1": 0.0374,
          "H2": 0.1294,
          "H21": 0.1021
        }
      },
      "drude_charges": {
        "2013JPC": {
          "DN0": -0.8404,
          "DN00": -0.8404,
          "DC1": -1.1478,
          "DC2": -1.1478,
          "DC21": -1.1478
        },
        "REFIT": {
          "DN0": -0.8404,
          "DN00": -0.8404,
          "DC1": -1.1478,
          "DC2": -1.1478,
          "DC21": -1.1478
        },
        "REFIT_constrained": {
          "DN0": -0.8404,
          "DN00": -0.8404,
          "DC1": -1.1478,
          "DC2": -1.1478,
          "DC21": -1.1478
        }
      }
    },
    "formamide": {
      "static_charges": {
        "ESP": {
          "C00": 0.6917019,
          "O01": -0.63979038,
          "N02": -0.9357336,
          "H03": 0.02828377,
          "H04": 0.40060746,
          "H05": 0.45493086
        },
        "RESP": {
          "C00": 0.51526942,
          "O01": -0.58011806,
          "N02": -0.70945461,
          "H03": 0.05912639,
          "H04": 0.35758843,
          "H05": 0.35758843
        },
        "MPFIT": {
          "C00": 0.75509,
          "O01": -0.56518,
          "N02": -0.70950,
          "H03": -0.15418,
          "H04": 0.34436,
          "H05": 0.32940
        }
      },
      "drude_charges": {
        "2013JPC": {
          "DC00": -0.7097,
          "DO01": -0.8929,
          "DN02": -1.4801
        }
      }
    },
    "acetic_acid": {
      "static_charges": {
        "ESP": {
          "C00": 0.86697681,
          "C01": -0.40171205,
          "O02": -0.64961348,
          "O03": -0.64445712,
          "H04": 0.13718876,
          "H05": 0.13746974,
          "H06": 0.11109979,
          "H07": 0.44304754
        },
        "RESP": {
          "C00": 0.78925513,
          "C01": -0.22813929,
          "O02": -0.84523957,
          "O03": -0.07718493,
          "H04": -0.07718493,
          "H05": -0.07718493,
          "H06": 0.06968509,
          "H07": 0.44599342
        },
        "MPFIT": {
          "C00": 0.72979,
          "C01": -0.33301,
          "O02": -0.53839,
          "O03": -0.50853,
          "H04": 0.09919,
          "H05": 0.09918,
          "H06": 0.08675,
          "H07": 0.36501
        }
      },
      "drude_charges": {
        "2013JPC": {
          "DC00": -0.7097,
          "DC01": -1.2531,
          "DO02": -0.8931,
          "DO03": -0.9519
        }
      }
    },
    "pyrazole": {
      "static_charges": {
        "ESP": {
          "N00": -0.51241923,
          "N01": -0.01963482,
          "C02": 0.11270785,
          "C03": 0.19172582,
          "C04": 0.16623251,
          "H05": 0.29778778,
          "H06": -0.09928506,
          "H07": -0.35601807,
          "H08": 0.21890322
        },
        "RESP": {
          "N00": -0.67621058,
          "N01": 0.09036591,
          "C02": 0.09036591,
          "C03": 0.09036591,
          "C04": 0.1696633,
          "H05": 0.29446707,
          "H06": -0.12723959,
          "H07": -0.27854833,
          "H08": 0.3467704
        },
        "MPFIT": {
          "N00": -0.39242,
          "N01": -0.02616,
          "C02": 0.10538,
          "C03": 0.13998,
          "C04": 0.12150,
          "H05": 0.25454,
          "H06": 0.00422,
          "H07": -0.30743,
          "H08": 0.10040
        }
      },
      "drude_charges": {
        "2013JPC": {
          "DN00": -0.8404,
          "DN01": -0.8404,
          "DC02": -1.1478,
          "DC03": -1.1478,
          "DC04": -1.1478
        }
      }
    },
    "pyrazine": {
      "static_charges": {
        "ESP": {
          "N00": 0.54253546,
          "N04": 0.26587405,
          "C01": 0.47763582,
          "C02": 0.24555997,
          "C03": 0.01559197,
          "C05": -0.00413454,
          "H06": -0.91607898,
          "H07": 0.14309417,
          "H08": -1.02731905,
          "H09": 0.25724113
        },
        "RESP": {
          "N00": -0.33184326,
          "N04": 0.23053808,
          "C01": 0.31842386,
          "C02": 0.31842386,
          "C03": 0.31842386,
          "C05": 0.03031718,
          "H06": -0.83229597,
          "H07": 0.06616556,
          "H08": 0.0636741,
          "H09": -0.18182728
        },
        "MPFIT": {
          "N00": -0.43756,
          "N04": 0.06130,
          "C01": -0.43999,
          "C02": 0.06191,
          "C03": 0.02255,
          "C05": 0.00309,
          "H06": 0.14618,
          "H07": 0.19927,
          "H08": 0.14510,
          "H09": 0.23815
        }
      },
      "drude_charges": {
        "2013JPC": {
          "DN00": -0.8404,
          "DN04": -0.8404,
          "DC01": -1.1478,
          "DC02": -1.1478,
          "DC03": -1.1478,
          "DC05": -1.1478
        }
      }
    }
  }
}
