{
  "constants": {
    "k_drude": 0.1,
    "au_to_nm3": 0.00014818471
  },
  "molecules": {
    "imidazole": {
      "static_charges": {
        "ESP": {
          "N0": -0.1588,
          "N00": -0.5148,
          "C1": 0.1770,
          "C2": -0.3188,
          "C21": 0.1821,
          "H0": 0.2840,
          "H1": 0.0899,
          "H2": 0.1774,
          "H21": 0.0819 
        },
        "RESP": {
          "N0": 0.0847,
          "N00": -0.3804,
          "C1": -0.1035,
          "C2": -0.2728,
          "C21": 0.1252,
          "H0": 0.2717,
          "H1": 0.1056,
          "H2": 0.0847,
          "H21": 0.0847
        },
        "MPFIT": {
          "N0": -0.34656,
          "N00": -0.55186,
          "C1": 0.36909,
          "C2": -0.11294,
          "C21": 0.05519,
          "H0": 0.31789,
          "H1": 0.03738,
          "H2": 0.12949,
          "H21": 0.10231
        }
      },
      "drude_charges": {
        "2013JPC": {
          "DN0": -0.8404,
          "DN00": -0.8404,
          "DC1": -1.1478,
          "DC2": -1.1478,
          "DC21": -1.1478
        },
        "REFIT": {
          "DN0": null,
          "DN00": null,
          "DC1": null,
          "DC2": null,
          "DC21": null
        },
        "REFIT_constrained": {
          "DN0": null,
          "DN00": null,
          "DC1": null,
          "DC2": null,
          "DC21": null
        }
      }
    },
    "formamide": {
      "static_charges": {
        "ESP": {
          "C00": 0.6102,
          "O01": -0.5679,
          "N02": -0.8739,
          "H03": 0.0101,
          "H04": 0.3872,
          "H05": 0.4344
        },
        "RESP": {
          "C00": 0.5338,
          "O01": -0.6043,
          "N02": -0.6043,
          "H03": 0.0408,
          "H04": 0.2381,
          "H05": 0.3959
        },
        "MPFIT": {
          "C00": 0.75509,
          "O01": -0.56518,
          "N02": -0.70950,
          "H03": -0.15418,
          "H04": 0.34436,
          "H05": 0.32940
        }
      },
      "drude_charges": {
        "2013JPC": {
          "DC00": -0.7097,
          "DO01": -0.8929,
          "DN02": -1.4801
        },
        "REFIT": {
          "DC00": null,
          "DO01": null,
          "DN02": null
        },
        "REFIT_constrained": {
          "DC00": null,
          "DO01": null,
          "DN02": null
        }
      }
    },
    "acetic_acid": {
      "static_charges": {
        "ESP": {
          "C00": 0.7733,
          "C01": -0.4231,
          "O02": -0.5830,
          "O03": -0.5814,
          "H04": 0.1394,
          "H05": 0.1412,
          "H06": 0.1208,
          "H07": 0.4128
        },
        "RESP": {
          "C00": 0.6952,
          "C01": -0.2481,
          "O02": -0.7608,
          "O03": -0.0604,
          "H04": -0.0604,
          "H05": -0.0604,
          "H06": 0.0790,
          "H07": 0.4159
        },
        "MPFIT": {
          "C00": 0.72979,
          "C01": -0.33301,
          "O02": -0.50853,
          "O03": -0.53839,
          "H04": 0.09919,
          "H05": 0.09918,
          "H06": 0.08675,
          "H07": 0.36501
        }
      },
      "drude_charges": {
        "2013JPC": {
          "DC00": -0.7097,
          "DC01": -1.2531,
          "DO02": -0.8931,
          "DO03": -0.9519
        },
        "REFIT": {
          "DC00": null,
          "DC01": null,
          "DO02": null,
          "DO03": null
        },
        "REFIT_constrained": {
          "DC00": null,
          "DC01": null,
          "DO02": null,
          "DO03": null
        }
      }
    },
    "pyrazole": {
      "static_charges": {
        "ESP": {
          "N00": -0.4983,
          "N01": 0.0218,
          "C02": 0.2181,
          "C03": -0.3213,
          "C04": -0.1079,
          "H05": 0.1738,
          "H06": 0.1446,
          "H07": 0.2788,
          "H08": 0.0903
        },
        "RESP": {
          "N00": -0.6081,
          "N01": 0.0964,
          "C02": 0.2691,
          "C03": -0.2510,
          "C04": -0.1247,
          "H05": 0.0964,
          "H06": 0.1453,
          "H07": 0.2803,
          "H08": 0.0964 
        },
        "MPFIT": {
          "N00": -0.39242,
          "N01": -0.02616,
          "C02": 0.10040,
          "C03": -0.30743,
          "C04": 0.00422,
          "H05": 0.13998,
          "H06": 0.12150,
          "H07": 0.25454,
          "H08": 0.10538
        }
      },
      "drude_charges": {
        "2013JPC": {
          "DN00": -0.8404,
          "DN01": -0.8404,
          "DC02": -1.1478,
          "DC03": -1.1478,
          "DC04": -1.1478
        },
        "REFIT": {
          "DN00": null,
          "DN01": null,
          "DC02": null,
          "DC03": null,
          "DC04": null
        },
        "REFIT_constrained": {
          "DN00": null,
          "DN01": null,
          "DC02": null,
          "DC03": null,
          "DC04": null
        }
      }
    }
  }
}
