distance,nmer_name,Uind_md,Udf,Unb,Ues,Uind_sapt,Ues_sapt,Uind_omm,Udf_omm,Unb_omm,time_per_system
1.805,2mer-0+1,-8.226058660604197,10.494891738546647,-55.13055768444596,-55.13055768444596,-32.32156036,-74.55952616,-8.227844190128224,10.497628320029207,-55.1400675806899,15.15369439125061
